<annotation>
	<folder>dataset</folder>
	<filename>img-140.jpg</filename>
	<path>/CSE-800/Thesis/2020-01-23/dataset/img-140.jpg</path>
	<source>
		<database>Unknown</database>
	</source>
	<size>
		<width>720</width>
		<height>720</height>
		<depth>3</depth>
	</size>
	<segmented>0</segmented>
	<object>
		<name>pothole</name>
		<pose>Unspecified</pose>
		<truncated>0</truncated>
		<difficult>0</difficult>
		<bndbox>
			<xmin>304</xmin>
			<ymin>342</ymin>
			<xmax>505</xmax>
			<ymax>489</ymax>
		</bndbox>
	</object>
	<object>
		<name>pothole</name>
		<pose>Unspecified</pose>
		<truncated>0</truncated>
		<difficult>0</difficult>
		<bndbox>
			<xmin>165</xmin>
			<ymin>74</ymin>
			<xmax>420</xmax>
			<ymax>188</ymax>
		</bndbox>
	</object>
</annotation>