<annotation>
	<folder>dataset</folder>
	<filename>img-382.jpg</filename>
	<path>/CSE-800/Thesis/2020-01-23/dataset/img-382.jpg</path>
	<source>
		<database>Unknown</database>
	</source>
	<size>
		<width>451</width>
		<height>300</height>
		<depth>3</depth>
	</size>
	<segmented>0</segmented>
	<object>
		<name>pothole</name>
		<pose>Unspecified</pose>
		<truncated>0</truncated>
		<difficult>0</difficult>
		<bndbox>
			<xmin>4</xmin>
			<ymin>216</ymin>
			<xmax>172</xmax>
			<ymax>245</ymax>
		</bndbox>
	</object>
	<object>
		<name>pothole</name>
		<pose>Unspecified</pose>
		<truncated>0</truncated>
		<difficult>0</difficult>
		<bndbox>
			<xmin>83</xmin>
			<ymin>192</ymin>
			<xmax>199</xmax>
			<ymax>213</ymax>
		</bndbox>
	</object>
	<object>
		<name>pothole</name>
		<pose>Unspecified</pose>
		<truncated>0</truncated>
		<difficult>0</difficult>
		<bndbox>
			<xmin>233</xmin>
			<ymin>168</ymin>
			<xmax>297</xmax>
			<ymax>176</ymax>
		</bndbox>
	</object>
</annotation>