<annotation>
	<folder>dataset</folder>
	<filename>img-340.jpg</filename>
	<path>/CSE-800/Thesis/2020-01-23/dataset/img-340.jpg</path>
	<source>
		<database>Unknown</database>
	</source>
	<size>
		<width>450</width>
		<height>300</height>
		<depth>3</depth>
	</size>
	<segmented>0</segmented>
	<object>
		<name>pothole</name>
		<pose>Unspecified</pose>
		<truncated>0</truncated>
		<difficult>0</difficult>
		<bndbox>
			<xmin>7</xmin>
			<ymin>74</ymin>
			<xmax>217</xmax>
			<ymax>137</ymax>
		</bndbox>
	</object>
	<object>
		<name>pothole</name>
		<pose>Unspecified</pose>
		<truncated>1</truncated>
		<difficult>0</difficult>
		<bndbox>
			<xmin>206</xmin>
			<ymin>106</ymin>
			<xmax>450</xmax>
			<ymax>151</ymax>
		</bndbox>
	</object>
</annotation>