<annotation>
	<folder>dataset</folder>
	<filename>img-119.jpg</filename>
	<path>/CSE-800/Thesis/2020-01-23/dataset/img-119.jpg</path>
	<source>
		<database>Unknown</database>
	</source>
	<size>
		<width>720</width>
		<height>720</height>
		<depth>3</depth>
	</size>
	<segmented>0</segmented>
	<object>
		<name>pothole</name>
		<pose>Unspecified</pose>
		<truncated>0</truncated>
		<difficult>0</difficult>
		<bndbox>
			<xmin>188</xmin>
			<ymin>212</ymin>
			<xmax>395</xmax>
			<ymax>389</ymax>
		</bndbox>
	</object>
	<object>
		<name>pothole</name>
		<pose>Unspecified</pose>
		<truncated>1</truncated>
		<difficult>0</difficult>
		<bndbox>
			<xmin>144</xmin>
			<ymin>597</ymin>
			<xmax>302</xmax>
			<ymax>720</ymax>
		</bndbox>
	</object>
</annotation>