<annotation>
	<folder>dataset</folder>
	<filename>img-176.jpg</filename>
	<path>/CSE-800/Thesis/2020-01-23/dataset/img-176.jpg</path>
	<source>
		<database>Unknown</database>
	</source>
	<size>
		<width>720</width>
		<height>720</height>
		<depth>3</depth>
	</size>
	<segmented>0</segmented>
	<object>
		<name>pothole</name>
		<pose>Unspecified</pose>
		<truncated>0</truncated>
		<difficult>0</difficult>
		<bndbox>
			<xmin>257</xmin>
			<ymin>283</ymin>
			<xmax>454</xmax>
			<ymax>401</ymax>
		</bndbox>
	</object>
	<object>
		<name>pothole</name>
		<pose>Unspecified</pose>
		<truncated>0</truncated>
		<difficult>0</difficult>
		<bndbox>
			<xmin>63</xmin>
			<ymin>267</ymin>
			<xmax>173</xmax>
			<ymax>337</ymax>
		</bndbox>
	</object>
</annotation>