<annotation>
	<folder>dataset</folder>
	<filename>img-163.jpg</filename>
	<path>/CSE-800/Thesis/2020-01-23/dataset/img-163.jpg</path>
	<source>
		<database>Unknown</database>
	</source>
	<size>
		<width>720</width>
		<height>720</height>
		<depth>3</depth>
	</size>
	<segmented>0</segmented>
	<object>
		<name>pothole</name>
		<pose>Unspecified</pose>
		<truncated>0</truncated>
		<difficult>0</difficult>
		<bndbox>
			<xmin>257</xmin>
			<ymin>282</ymin>
			<xmax>517</xmax>
			<ymax>487</ymax>
		</bndbox>
	</object>
	<object>
		<name>pothole</name>
		<pose>Unspecified</pose>
		<truncated>1</truncated>
		<difficult>0</difficult>
		<bndbox>
			<xmin>662</xmin>
			<ymin>216</ymin>
			<xmax>720</xmax>
			<ymax>267</ymax>
		</bndbox>
	</object>
</annotation>