<annotation>
	<folder>dataset</folder>
	<filename>img-313.jpg</filename>
	<path>/CSE-800/Thesis/2020-01-23/dataset/img-313.jpg</path>
	<source>
		<database>Unknown</database>
	</source>
	<size>
		<width>400</width>
		<height>300</height>
		<depth>3</depth>
	</size>
	<segmented>0</segmented>
	<object>
		<name>pothole</name>
		<pose>Unspecified</pose>
		<truncated>0</truncated>
		<difficult>0</difficult>
		<bndbox>
			<xmin>49</xmin>
			<ymin>130</ymin>
			<xmax>88</xmax>
			<ymax>143</ymax>
		</bndbox>
	</object>
	<object>
		<name>pothole</name>
		<pose>Unspecified</pose>
		<truncated>1</truncated>
		<difficult>0</difficult>
		<bndbox>
			<xmin>1</xmin>
			<ymin>146</ymin>
			<xmax>400</xmax>
			<ymax>300</ymax>
		</bndbox>
	</object>
</annotation>