<annotation>
	<folder>dataset</folder>
	<filename>img-387.jpg</filename>
	<path>/CSE-800/Thesis/2020-01-23/dataset/img-387.jpg</path>
	<source>
		<database>Unknown</database>
	</source>
	<size>
		<width>401</width>
		<height>300</height>
		<depth>3</depth>
	</size>
	<segmented>0</segmented>
	<object>
		<name>pothole</name>
		<pose>Unspecified</pose>
		<truncated>0</truncated>
		<difficult>0</difficult>
		<bndbox>
			<xmin>129</xmin>
			<ymin>137</ymin>
			<xmax>324</xmax>
			<ymax>209</ymax>
		</bndbox>
	</object>
	<object>
		<name>pothole</name>
		<pose>Unspecified</pose>
		<truncated>1</truncated>
		<difficult>0</difficult>
		<bndbox>
			<xmin>339</xmin>
			<ymin>183</ymin>
			<xmax>401</xmax>
			<ymax>208</ymax>
		</bndbox>
	</object>
</annotation>