<annotation>
	<folder>dataset</folder>
	<filename>img-310.jpg</filename>
	<path>/CSE-800/Thesis/2020-01-23/dataset/img-310.jpg</path>
	<source>
		<database>Unknown</database>
	</source>
	<size>
		<width>451</width>
		<height>300</height>
		<depth>3</depth>
	</size>
	<segmented>0</segmented>
	<object>
		<name>pothole</name>
		<pose>Unspecified</pose>
		<truncated>0</truncated>
		<difficult>0</difficult>
		<bndbox>
			<xmin>144</xmin>
			<ymin>138</ymin>
			<xmax>252</xmax>
			<ymax>163</ymax>
		</bndbox>
	</object>
	<object>
		<name>pothole</name>
		<pose>Unspecified</pose>
		<truncated>0</truncated>
		<difficult>0</difficult>
		<bndbox>
			<xmin>341</xmin>
			<ymin>100</ymin>
			<xmax>414</xmax>
			<ymax>118</ymax>
		</bndbox>
	</object>
	<object>
		<name>pothole</name>
		<pose>Unspecified</pose>
		<truncated>0</truncated>
		<difficult>0</difficult>
		<bndbox>
			<xmin>149</xmin>
			<ymin>159</ymin>
			<xmax>417</xmax>
			<ymax>274</ymax>
		</bndbox>
	</object>
</annotation>