<annotation>
	<folder>dataset</folder>
	<filename>img-474.jpg</filename>
	<path>/CSE-800/Thesis/2020-01-23/dataset/img-474.jpg</path>
	<source>
		<database>Unknown</database>
	</source>
	<size>
		<width>401</width>
		<height>300</height>
		<depth>3</depth>
	</size>
	<segmented>0</segmented>
	<object>
		<name>pothole</name>
		<pose>Unspecified</pose>
		<truncated>0</truncated>
		<difficult>0</difficult>
		<bndbox>
			<xmin>102</xmin>
			<ymin>189</ymin>
			<xmax>223</xmax>
			<ymax>243</ymax>
		</bndbox>
	</object>
	<object>
		<name>pothole</name>
		<pose>Unspecified</pose>
		<truncated>0</truncated>
		<difficult>0</difficult>
		<bndbox>
			<xmin>222</xmin>
			<ymin>168</ymin>
			<xmax>293</xmax>
			<ymax>201</ymax>
		</bndbox>
	</object>
	<object>
		<name>pothole</name>
		<pose>Unspecified</pose>
		<truncated>0</truncated>
		<difficult>0</difficult>
		<bndbox>
			<xmin>266</xmin>
			<ymin>139</ymin>
			<xmax>332</xmax>
			<ymax>170</ymax>
		</bndbox>
	</object>
</annotation>