<annotation>
	<folder>dataset</folder>
	<filename>img-487.jpg</filename>
	<path>/CSE-800/Thesis/2020-01-23/dataset/img-487.jpg</path>
	<source>
		<database>Unknown</database>
	</source>
	<size>
		<width>533</width>
		<height>300</height>
		<depth>3</depth>
	</size>
	<segmented>0</segmented>
	<object>
		<name>pothole</name>
		<pose>Unspecified</pose>
		<truncated>0</truncated>
		<difficult>0</difficult>
		<bndbox>
			<xmin>248</xmin>
			<ymin>147</ymin>
			<xmax>422</xmax>
			<ymax>188</ymax>
		</bndbox>
	</object>
	<object>
		<name>pothole</name>
		<pose>Unspecified</pose>
		<truncated>1</truncated>
		<difficult>0</difficult>
		<bndbox>
			<xmin>82</xmin>
			<ymin>164</ymin>
			<xmax>465</xmax>
			<ymax>300</ymax>
		</bndbox>
	</object>
</annotation>