<annotation>
	<folder>dataset</folder>
	<filename>img-546.jpg</filename>
	<path>/CSE-800/Thesis/2020-01-23/dataset/img-546.jpg</path>
	<source>
		<database>Unknown</database>
	</source>
	<size>
		<width>464</width>
		<height>300</height>
		<depth>3</depth>
	</size>
	<segmented>0</segmented>
	<object>
		<name>pothole</name>
		<pose>Unspecified</pose>
		<truncated>0</truncated>
		<difficult>0</difficult>
		<bndbox>
			<xmin>210</xmin>
			<ymin>194</ymin>
			<xmax>367</xmax>
			<ymax>251</ymax>
		</bndbox>
	</object>
</annotation>