<annotation>
	<folder>dataset</folder>
	<filename>img-204.jpg</filename>
	<path>/CSE-800/Thesis/2020-01-23/dataset/img-204.jpg</path>
	<source>
		<database>Unknown</database>
	</source>
	<size>
		<width>720</width>
		<height>720</height>
		<depth>3</depth>
	</size>
	<segmented>0</segmented>
	<object>
		<name>pothole</name>
		<pose>Unspecified</pose>
		<truncated>0</truncated>
		<difficult>0</difficult>
		<bndbox>
			<xmin>190</xmin>
			<ymin>175</ymin>
			<xmax>358</xmax>
			<ymax>315</ymax>
		</bndbox>
	</object>
	<object>
		<name>pothole</name>
		<pose>Unspecified</pose>
		<truncated>0</truncated>
		<difficult>0</difficult>
		<bndbox>
			<xmin>281</xmin>
			<ymin>381</ymin>
			<xmax>447</xmax>
			<ymax>519</ymax>
		</bndbox>
	</object>
</annotation>