<annotation>
	<folder>dataset</folder>
	<filename>img-501.jpg</filename>
	<path>/CSE-800/Thesis/2020-01-23/dataset/img-501.jpg</path>
	<source>
		<database>Unknown</database>
	</source>
	<size>
		<width>450</width>
		<height>300</height>
		<depth>3</depth>
	</size>
	<segmented>0</segmented>
	<object>
		<name>pothole</name>
		<pose>Unspecified</pose>
		<truncated>0</truncated>
		<difficult>0</difficult>
		<bndbox>
			<xmin>30</xmin>
			<ymin>230</ymin>
			<xmax>153</xmax>
			<ymax>271</ymax>
		</bndbox>
	</object>
	<object>
		<name>pothole</name>
		<pose>Unspecified</pose>
		<truncated>0</truncated>
		<difficult>0</difficult>
		<bndbox>
			<xmin>30</xmin>
			<ymin>214</ymin>
			<xmax>86</xmax>
			<ymax>233</ymax>
		</bndbox>
	</object>
	<object>
		<name>pothole</name>
		<pose>Unspecified</pose>
		<truncated>0</truncated>
		<difficult>0</difficult>
		<bndbox>
			<xmin>251</xmin>
			<ymin>227</ymin>
			<xmax>426</xmax>
			<ymax>263</ymax>
		</bndbox>
	</object>
</annotation>