<annotation>
	<folder>dataset</folder>
	<filename>img-536.jpg</filename>
	<path>/CSE-800/Thesis/2020-01-23/dataset/img-536.jpg</path>
	<source>
		<database>Unknown</database>
	</source>
	<size>
		<width>533</width>
		<height>300</height>
		<depth>3</depth>
	</size>
	<segmented>0</segmented>
	<object>
		<name>pothole</name>
		<pose>Unspecified</pose>
		<truncated>1</truncated>
		<difficult>0</difficult>
		<bndbox>
			<xmin>1</xmin>
			<ymin>50</ymin>
			<xmax>531</xmax>
			<ymax>300</ymax>
		</bndbox>
	</object>
</annotation>