<annotation>
	<folder>dataset</folder>
	<filename>img-199.jpg</filename>
	<path>/CSE-800/Thesis/2020-01-23/dataset/img-199.jpg</path>
	<source>
		<database>Unknown</database>
	</source>
	<size>
		<width>720</width>
		<height>720</height>
		<depth>3</depth>
	</size>
	<segmented>0</segmented>
	<object>
		<name>pothole</name>
		<pose>Unspecified</pose>
		<truncated>0</truncated>
		<difficult>0</difficult>
		<bndbox>
			<xmin>245</xmin>
			<ymin>312</ymin>
			<xmax>427</xmax>
			<ymax>552</ymax>
		</bndbox>
	</object>
	<object>
		<name>pothole</name>
		<pose>Unspecified</pose>
		<truncated>0</truncated>
		<difficult>0</difficult>
		<bndbox>
			<xmin>420</xmin>
			<ymin>308</ymin>
			<xmax>529</xmax>
			<ymax>402</ymax>
		</bndbox>
	</object>
</annotation>