<annotation>
	<folder>dataset</folder>
	<filename>img-404.jpg</filename>
	<path>/CSE-800/Thesis/2020-01-23/dataset/img-404.jpg</path>
	<source>
		<database>Unknown</database>
	</source>
	<size>
		<width>467</width>
		<height>300</height>
		<depth>3</depth>
	</size>
	<segmented>0</segmented>
	<object>
		<name>pothole</name>
		<pose>Unspecified</pose>
		<truncated>0</truncated>
		<difficult>0</difficult>
		<bndbox>
			<xmin>165</xmin>
			<ymin>90</ymin>
			<xmax>389</xmax>
			<ymax>266</ymax>
		</bndbox>
	</object>
	<object>
		<name>pothole</name>
		<pose>Unspecified</pose>
		<truncated>0</truncated>
		<difficult>0</difficult>
		<bndbox>
			<xmin>90</xmin>
			<ymin>150</ymin>
			<xmax>136</xmax>
			<ymax>174</ymax>
		</bndbox>
	</object>
	<object>
		<name>pothole</name>
		<pose>Unspecified</pose>
		<truncated>0</truncated>
		<difficult>0</difficult>
		<bndbox>
			<xmin>57</xmin>
			<ymin>89</ymin>
			<xmax>103</xmax>
			<ymax>118</ymax>
		</bndbox>
	</object>
</annotation>