<annotation>
	<folder>dataset</folder>
	<filename>img-416.jpg</filename>
	<path>/CSE-800/Thesis/2020-01-23/dataset/img-416.jpg</path>
	<source>
		<database>Unknown</database>
	</source>
	<size>
		<width>461</width>
		<height>300</height>
		<depth>3</depth>
	</size>
	<segmented>0</segmented>
	<object>
		<name>pothole</name>
		<pose>Unspecified</pose>
		<truncated>0</truncated>
		<difficult>0</difficult>
		<bndbox>
			<xmin>42</xmin>
			<ymin>64</ymin>
			<xmax>146</xmax>
			<ymax>96</ymax>
		</bndbox>
	</object>
	<object>
		<name>pothole</name>
		<pose>Unspecified</pose>
		<truncated>0</truncated>
		<difficult>0</difficult>
		<bndbox>
			<xmin>144</xmin>
			<ymin>110</ymin>
			<xmax>371</xmax>
			<ymax>211</ymax>
		</bndbox>
	</object>
</annotation>