<annotation>
	<folder>dataset</folder>
	<filename>img-111.jpg</filename>
	<path>/CSE-800/Thesis/2020-01-23/dataset/img-111.jpg</path>
	<source>
		<database>Unknown</database>
	</source>
	<size>
		<width>720</width>
		<height>720</height>
		<depth>3</depth>
	</size>
	<segmented>0</segmented>
	<object>
		<name>pothole</name>
		<pose>Unspecified</pose>
		<truncated>0</truncated>
		<difficult>0</difficult>
		<bndbox>
			<xmin>337</xmin>
			<ymin>265</ymin>
			<xmax>425</xmax>
			<ymax>319</ymax>
		</bndbox>
	</object>
	<object>
		<name>pothole</name>
		<pose>Unspecified</pose>
		<truncated>0</truncated>
		<difficult>0</difficult>
		<bndbox>
			<xmin>237</xmin>
			<ymin>318</ymin>
			<xmax>402</xmax>
			<ymax>470</ymax>
		</bndbox>
	</object>
	<object>
		<name>pothole</name>
		<pose>Unspecified</pose>
		<truncated>0</truncated>
		<difficult>0</difficult>
		<bndbox>
			<xmin>11</xmin>
			<ymin>489</ymin>
			<xmax>92</xmax>
			<ymax>596</ymax>
		</bndbox>
	</object>
</annotation>