<annotation>
	<folder>dataset</folder>
	<filename>img-410.jpg</filename>
	<path>/CSE-800/Thesis/2020-01-23/dataset/img-410.jpg</path>
	<source>
		<database>Unknown</database>
	</source>
	<size>
		<width>400</width>
		<height>300</height>
		<depth>3</depth>
	</size>
	<segmented>0</segmented>
	<object>
		<name>pothole</name>
		<pose>Unspecified</pose>
		<truncated>0</truncated>
		<difficult>0</difficult>
		<bndbox>
			<xmin>164</xmin>
			<ymin>91</ymin>
			<xmax>333</xmax>
			<ymax>234</ymax>
		</bndbox>
	</object>
</annotation>