<annotation>
	<folder>dataset</folder>
	<filename>img-42.jpg</filename>
	<path>/CSE-800/Thesis/2020-01-23/dataset/img-42.jpg</path>
	<source>
		<database>Unknown</database>
	</source>
	<size>
		<width>720</width>
		<height>720</height>
		<depth>3</depth>
	</size>
	<segmented>0</segmented>
	<object>
		<name>pothole</name>
		<pose>Unspecified</pose>
		<truncated>0</truncated>
		<difficult>0</difficult>
		<bndbox>
			<xmin>368</xmin>
			<ymin>386</ymin>
			<xmax>509</xmax>
			<ymax>480</ymax>
		</bndbox>
	</object>
	<object>
		<name>pothole</name>
		<pose>Unspecified</pose>
		<truncated>0</truncated>
		<difficult>0</difficult>
		<bndbox>
			<xmin>41</xmin>
			<ymin>265</ymin>
			<xmax>386</xmax>
			<ymax>381</ymax>
		</bndbox>
	</object>
</annotation>