<annotation>
	<folder>dataset</folder>
	<filename>img-441.jpg</filename>
	<path>/CSE-800/Thesis/2020-01-23/dataset/img-441.jpg</path>
	<source>
		<database>Unknown</database>
	</source>
	<size>
		<width>533</width>
		<height>300</height>
		<depth>3</depth>
	</size>
	<segmented>0</segmented>
	<object>
		<name>pothole</name>
		<pose>Unspecified</pose>
		<truncated>0</truncated>
		<difficult>0</difficult>
		<bndbox>
			<xmin>166</xmin>
			<ymin>114</ymin>
			<xmax>341</xmax>
			<ymax>169</ymax>
		</bndbox>
	</object>
	<object>
		<name>pothole</name>
		<pose>Unspecified</pose>
		<truncated>0</truncated>
		<difficult>0</difficult>
		<bndbox>
			<xmin>418</xmin>
			<ymin>160</ymin>
			<xmax>484</xmax>
			<ymax>184</ymax>
		</bndbox>
	</object>
	<object>
		<name>pothole</name>
		<pose>Unspecified</pose>
		<truncated>0</truncated>
		<difficult>0</difficult>
		<bndbox>
			<xmin>134</xmin>
			<ymin>104</ymin>
			<xmax>166</xmax>
			<ymax>115</ymax>
		</bndbox>
	</object>
</annotation>