<annotation>
	<folder>dataset</folder>
	<filename>img-144.jpg</filename>
	<path>/CSE-800/Thesis/2020-01-23/dataset/img-144.jpg</path>
	<source>
		<database>Unknown</database>
	</source>
	<size>
		<width>720</width>
		<height>720</height>
		<depth>3</depth>
	</size>
	<segmented>0</segmented>
	<object>
		<name>pothole</name>
		<pose>Unspecified</pose>
		<truncated>0</truncated>
		<difficult>0</difficult>
		<bndbox>
			<xmin>259</xmin>
			<ymin>354</ymin>
			<xmax>429</xmax>
			<ymax>464</ymax>
		</bndbox>
	</object>
	<object>
		<name>pothole</name>
		<pose>Unspecified</pose>
		<truncated>0</truncated>
		<difficult>0</difficult>
		<bndbox>
			<xmin>31</xmin>
			<ymin>201</ymin>
			<xmax>103</xmax>
			<ymax>246</ymax>
		</bndbox>
	</object>
</annotation>