<annotation>
	<folder>dataset</folder>
	<filename>img-491.jpg</filename>
	<path>/CSE-800/Thesis/2020-01-23/dataset/img-491.jpg</path>
	<source>
		<database>Unknown</database>
	</source>
	<size>
		<width>480</width>
		<height>300</height>
		<depth>3</depth>
	</size>
	<segmented>0</segmented>
	<object>
		<name>pothole</name>
		<pose>Unspecified</pose>
		<truncated>0</truncated>
		<difficult>0</difficult>
		<bndbox>
			<xmin>145</xmin>
			<ymin>236</ymin>
			<xmax>348</xmax>
			<ymax>298</ymax>
		</bndbox>
	</object>
	<object>
		<name>pothole</name>
		<pose>Unspecified</pose>
		<truncated>0</truncated>
		<difficult>0</difficult>
		<bndbox>
			<xmin>313</xmin>
			<ymin>181</ymin>
			<xmax>463</xmax>
			<ymax>252</ymax>
		</bndbox>
	</object>
</annotation>