<annotation>
	<folder>dataset</folder>
	<filename>img-358.jpg</filename>
	<path>/CSE-800/Thesis/2020-01-23/dataset/img-358.jpg</path>
	<source>
		<database>Unknown</database>
	</source>
	<size>
		<width>400</width>
		<height>300</height>
		<depth>3</depth>
	</size>
	<segmented>0</segmented>
	<object>
		<name>pothole</name>
		<pose>Unspecified</pose>
		<truncated>0</truncated>
		<difficult>0</difficult>
		<bndbox>
			<xmin>4</xmin>
			<ymin>137</ymin>
			<xmax>90</xmax>
			<ymax>187</ymax>
		</bndbox>
	</object>
	<object>
		<name>pothole</name>
		<pose>Unspecified</pose>
		<truncated>0</truncated>
		<difficult>0</difficult>
		<bndbox>
			<xmin>97</xmin>
			<ymin>124</ymin>
			<xmax>343</xmax>
			<ymax>220</ymax>
		</bndbox>
	</object>
</annotation>