<annotation>
	<folder>dataset</folder>
	<filename>img-191.jpg</filename>
	<path>/CSE-800/Thesis/2020-01-23/dataset/img-191.jpg</path>
	<source>
		<database>Unknown</database>
	</source>
	<size>
		<width>720</width>
		<height>720</height>
		<depth>3</depth>
	</size>
	<segmented>0</segmented>
	<object>
		<name>pothole</name>
		<pose>Unspecified</pose>
		<truncated>0</truncated>
		<difficult>0</difficult>
		<bndbox>
			<xmin>271</xmin>
			<ymin>335</ymin>
			<xmax>467</xmax>
			<ymax>494</ymax>
		</bndbox>
	</object>
	<object>
		<name>pothole</name>
		<pose>Unspecified</pose>
		<truncated>0</truncated>
		<difficult>0</difficult>
		<bndbox>
			<xmin>272</xmin>
			<ymin>237</ymin>
			<xmax>393</xmax>
			<ymax>297</ymax>
		</bndbox>
	</object>
	<object>
		<name>pothole</name>
		<pose>Unspecified</pose>
		<truncated>0</truncated>
		<difficult>0</difficult>
		<bndbox>
			<xmin>163</xmin>
			<ymin>402</ymin>
			<xmax>235</xmax>
			<ymax>446</ymax>
		</bndbox>
	</object>
</annotation>