<annotation>
	<folder>dataset</folder>
	<filename>img-2.jpg</filename>
	<path>/CSE-800/Thesis/2020-01-23/dataset/img-2.jpg</path>
	<source>
		<database>Unknown</database>
	</source>
	<size>
		<width>720</width>
		<height>720</height>
		<depth>3</depth>
	</size>
	<segmented>0</segmented>
	<object>
		<name>pothole</name>
		<pose>Unspecified</pose>
		<truncated>0</truncated>
		<difficult>0</difficult>
		<bndbox>
			<xmin>307</xmin>
			<ymin>234</ymin>
			<xmax>458</xmax>
			<ymax>325</ymax>
		</bndbox>
	</object>
	<object>
		<name>pothole</name>
		<pose>Unspecified</pose>
		<truncated>0</truncated>
		<difficult>0</difficult>
		<bndbox>
			<xmin>264</xmin>
			<ymin>299</ymin>
			<xmax>363</xmax>
			<ymax>382</ymax>
		</bndbox>
	</object>
	<object>
		<name>pothole</name>
		<pose>Unspecified</pose>
		<truncated>0</truncated>
		<difficult>0</difficult>
		<bndbox>
			<xmin>190</xmin>
			<ymin>423</ymin>
			<xmax>257</xmax>
			<ymax>503</ymax>
		</bndbox>
	</object>
</annotation>