<annotation>
	<folder>dataset</folder>
	<filename>img-286.jpg</filename>
	<path>/CSE-800/Thesis/2020-01-23/dataset/img-286.jpg</path>
	<source>
		<database>Unknown</database>
	</source>
	<size>
		<width>400</width>
		<height>300</height>
		<depth>3</depth>
	</size>
	<segmented>0</segmented>
	<object>
		<name>pothole</name>
		<pose>Unspecified</pose>
		<truncated>0</truncated>
		<difficult>0</difficult>
		<bndbox>
			<xmin>143</xmin>
			<ymin>159</ymin>
			<xmax>234</xmax>
			<ymax>205</ymax>
		</bndbox>
	</object>
	<object>
		<name>pothole</name>
		<pose>Unspecified</pose>
		<truncated>0</truncated>
		<difficult>0</difficult>
		<bndbox>
			<xmin>194</xmin>
			<ymin>210</ymin>
			<xmax>249</xmax>
			<ymax>232</ymax>
		</bndbox>
	</object>
	<object>
		<name>pothole</name>
		<pose>Unspecified</pose>
		<truncated>0</truncated>
		<difficult>0</difficult>
		<bndbox>
			<xmin>192</xmin>
			<ymin>77</ymin>
			<xmax>212</xmax>
			<ymax>92</ymax>
		</bndbox>
	</object>
</annotation>