<annotation>
	<folder>dataset</folder>
	<filename>img-209.jpg</filename>
	<path>/CSE-800/Thesis/2020-01-23/dataset/img-209.jpg</path>
	<source>
		<database>Unknown</database>
	</source>
	<size>
		<width>720</width>
		<height>720</height>
		<depth>3</depth>
	</size>
	<segmented>0</segmented>
	<object>
		<name>pothole</name>
		<pose>Unspecified</pose>
		<truncated>0</truncated>
		<difficult>0</difficult>
		<bndbox>
			<xmin>297</xmin>
			<ymin>206</ymin>
			<xmax>507</xmax>
			<ymax>399</ymax>
		</bndbox>
	</object>
</annotation>