<annotation>
	<folder>dataset</folder>
	<filename>img-203.jpg</filename>
	<path>/CSE-800/Thesis/2020-01-23/dataset/img-203.jpg</path>
	<source>
		<database>Unknown</database>
	</source>
	<size>
		<width>720</width>
		<height>720</height>
		<depth>3</depth>
	</size>
	<segmented>0</segmented>
	<object>
		<name>pothole</name>
		<pose>Unspecified</pose>
		<truncated>0</truncated>
		<difficult>0</difficult>
		<bndbox>
			<xmin>185</xmin>
			<ymin>296</ymin>
			<xmax>425</xmax>
			<ymax>403</ymax>
		</bndbox>
	</object>
	<object>
		<name>pothole</name>
		<pose>Unspecified</pose>
		<truncated>0</truncated>
		<difficult>0</difficult>
		<bndbox>
			<xmin>619</xmin>
			<ymin>302</ymin>
			<xmax>684</xmax>
			<ymax>366</ymax>
		</bndbox>
	</object>
	<object>
		<name>pothole</name>
		<pose>Unspecified</pose>
		<truncated>0</truncated>
		<difficult>0</difficult>
		<bndbox>
			<xmin>397</xmin>
			<ymin>231</ymin>
			<xmax>598</xmax>
			<ymax>325</ymax>
		</bndbox>
	</object>
</annotation>