<annotation>
	<folder>dataset</folder>
	<filename>img-38.jpg</filename>
	<path>/CSE-800/Thesis/2020-01-23/dataset/img-38.jpg</path>
	<source>
		<database>Unknown</database>
	</source>
	<size>
		<width>720</width>
		<height>720</height>
		<depth>3</depth>
	</size>
	<segmented>0</segmented>
	<object>
		<name>pothole</name>
		<pose>Unspecified</pose>
		<truncated>0</truncated>
		<difficult>0</difficult>
		<bndbox>
			<xmin>239</xmin>
			<ymin>220</ymin>
			<xmax>465</xmax>
			<ymax>447</ymax>
		</bndbox>
	</object>
	<object>
		<name>pothole</name>
		<pose>Unspecified</pose>
		<truncated>0</truncated>
		<difficult>0</difficult>
		<bndbox>
			<xmin>397</xmin>
			<ymin>168</ymin>
			<xmax>462</xmax>
			<ymax>211</ymax>
		</bndbox>
	</object>
</annotation>