<annotation>
	<folder>dataset</folder>
	<filename>img-445.jpg</filename>
	<path>/CSE-800/Thesis/2020-01-23/dataset/img-445.jpg</path>
	<source>
		<database>Unknown</database>
	</source>
	<size>
		<width>401</width>
		<height>300</height>
		<depth>3</depth>
	</size>
	<segmented>0</segmented>
	<object>
		<name>pothole</name>
		<pose>Unspecified</pose>
		<truncated>0</truncated>
		<difficult>0</difficult>
		<bndbox>
			<xmin>73</xmin>
			<ymin>108</ymin>
			<xmax>352</xmax>
			<ymax>229</ymax>
		</bndbox>
	</object>
	<object>
		<name>pothole</name>
		<pose>Unspecified</pose>
		<truncated>0</truncated>
		<difficult>0</difficult>
		<bndbox>
			<xmin>131</xmin>
			<ymin>26</ymin>
			<xmax>193</xmax>
			<ymax>40</ymax>
		</bndbox>
	</object>
</annotation>