<annotation>
	<folder>dataset</folder>
	<filename>img-126.jpg</filename>
	<path>/CSE-800/Thesis/2020-01-23/dataset/img-126.jpg</path>
	<source>
		<database>Unknown</database>
	</source>
	<size>
		<width>720</width>
		<height>720</height>
		<depth>3</depth>
	</size>
	<segmented>0</segmented>
	<object>
		<name>pothole</name>
		<pose>Unspecified</pose>
		<truncated>0</truncated>
		<difficult>0</difficult>
		<bndbox>
			<xmin>226</xmin>
			<ymin>284</ymin>
			<xmax>461</xmax>
			<ymax>416</ymax>
		</bndbox>
	</object>
	<object>
		<name>pothole</name>
		<pose>Unspecified</pose>
		<truncated>0</truncated>
		<difficult>0</difficult>
		<bndbox>
			<xmin>479</xmin>
			<ymin>147</ymin>
			<xmax>560</xmax>
			<ymax>211</ymax>
		</bndbox>
	</object>
	<object>
		<name>pothole</name>
		<pose>Unspecified</pose>
		<truncated>1</truncated>
		<difficult>0</difficult>
		<bndbox>
			<xmin>0</xmin>
			<ymin>209</ymin>
			<xmax>48</xmax>
			<ymax>235</ymax>
		</bndbox>
	</object>
</annotation>