<annotation>
	<folder>dataset</folder>
	<filename>img-236.jpg</filename>
	<path>/CSE-800/Thesis/2020-01-23/dataset/img-236.jpg</path>
	<source>
		<database>Unknown</database>
	</source>
	<size>
		<width>720</width>
		<height>720</height>
		<depth>3</depth>
	</size>
	<segmented>0</segmented>
	<object>
		<name>pothole</name>
		<pose>Unspecified</pose>
		<truncated>0</truncated>
		<difficult>0</difficult>
		<bndbox>
			<xmin>247</xmin>
			<ymin>231</ymin>
			<xmax>410</xmax>
			<ymax>350</ymax>
		</bndbox>
	</object>
	<object>
		<name>pothole</name>
		<pose>Unspecified</pose>
		<truncated>0</truncated>
		<difficult>0</difficult>
		<bndbox>
			<xmin>24</xmin>
			<ymin>136</ymin>
			<xmax>139</xmax>
			<ymax>211</ymax>
		</bndbox>
	</object>
	<object>
		<name>pothole</name>
		<pose>Unspecified</pose>
		<truncated>0</truncated>
		<difficult>0</difficult>
		<bndbox>
			<xmin>278</xmin>
			<ymin>423</ymin>
			<xmax>499</xmax>
			<ymax>619</ymax>
		</bndbox>
	</object>
</annotation>