<annotation>
	<folder>dataset</folder>
	<filename>img-328.jpg</filename>
	<path>/CSE-800/Thesis/2020-01-23/dataset/img-328.jpg</path>
	<source>
		<database>Unknown</database>
	</source>
	<size>
		<width>418</width>
		<height>300</height>
		<depth>3</depth>
	</size>
	<segmented>0</segmented>
	<object>
		<name>pothole</name>
		<pose>Unspecified</pose>
		<truncated>0</truncated>
		<difficult>0</difficult>
		<bndbox>
			<xmin>207</xmin>
			<ymin>216</ymin>
			<xmax>256</xmax>
			<ymax>234</ymax>
		</bndbox>
	</object>
	<object>
		<name>pothole</name>
		<pose>Unspecified</pose>
		<truncated>0</truncated>
		<difficult>0</difficult>
		<bndbox>
			<xmin>152</xmin>
			<ymin>202</ymin>
			<xmax>184</xmax>
			<ymax>212</ymax>
		</bndbox>
	</object>
	<object>
		<name>pothole</name>
		<pose>Unspecified</pose>
		<truncated>0</truncated>
		<difficult>0</difficult>
		<bndbox>
			<xmin>55</xmin>
			<ymin>251</ymin>
			<xmax>190</xmax>
			<ymax>287</ymax>
		</bndbox>
	</object>
	<object>
		<name>pothole</name>
		<pose>Unspecified</pose>
		<truncated>0</truncated>
		<difficult>0</difficult>
		<bndbox>
			<xmin>145</xmin>
			<ymin>231</ymin>
			<xmax>185</xmax>
			<ymax>247</ymax>
		</bndbox>
	</object>
</annotation>