<annotation>
	<folder>dataset</folder>
	<filename>img-53.jpg</filename>
	<path>/CSE-800/Thesis/2020-01-23/dataset/img-53.jpg</path>
	<source>
		<database>Unknown</database>
	</source>
	<size>
		<width>720</width>
		<height>720</height>
		<depth>3</depth>
	</size>
	<segmented>0</segmented>
	<object>
		<name>pothole</name>
		<pose>Unspecified</pose>
		<truncated>0</truncated>
		<difficult>0</difficult>
		<bndbox>
			<xmin>213</xmin>
			<ymin>248</ymin>
			<xmax>458</xmax>
			<ymax>464</ymax>
		</bndbox>
	</object>
	<object>
		<name>pothole</name>
		<pose>Unspecified</pose>
		<truncated>0</truncated>
		<difficult>0</difficult>
		<bndbox>
			<xmin>580</xmin>
			<ymin>446</ymin>
			<xmax>670</xmax>
			<ymax>573</ymax>
		</bndbox>
	</object>
</annotation>