<annotation>
	<folder>dataset</folder>
	<filename>img-430.jpg</filename>
	<path>/CSE-800/Thesis/2020-01-23/dataset/img-430.jpg</path>
	<source>
		<database>Unknown</database>
	</source>
	<size>
		<width>451</width>
		<height>300</height>
		<depth>3</depth>
	</size>
	<segmented>0</segmented>
	<object>
		<name>pothole</name>
		<pose>Unspecified</pose>
		<truncated>0</truncated>
		<difficult>0</difficult>
		<bndbox>
			<xmin>225</xmin>
			<ymin>230</ymin>
			<xmax>371</xmax>
			<ymax>277</ymax>
		</bndbox>
	</object>
	<object>
		<name>pothole</name>
		<pose>Unspecified</pose>
		<truncated>0</truncated>
		<difficult>0</difficult>
		<bndbox>
			<xmin>128</xmin>
			<ymin>51</ymin>
			<xmax>170</xmax>
			<ymax>63</ymax>
		</bndbox>
	</object>
</annotation>