<annotation>
	<folder>dataset</folder>
	<filename>img-210.jpg</filename>
	<path>/CSE-800/Thesis/2020-01-23/dataset/img-210.jpg</path>
	<source>
		<database>Unknown</database>
	</source>
	<size>
		<width>720</width>
		<height>720</height>
		<depth>3</depth>
	</size>
	<segmented>0</segmented>
	<object>
		<name>pothole</name>
		<pose>Unspecified</pose>
		<truncated>0</truncated>
		<difficult>0</difficult>
		<bndbox>
			<xmin>194</xmin>
			<ymin>123</ymin>
			<xmax>518</xmax>
			<ymax>455</ymax>
		</bndbox>
	</object>
	<object>
		<name>pothole</name>
		<pose>Unspecified</pose>
		<truncated>1</truncated>
		<difficult>0</difficult>
		<bndbox>
			<xmin>22</xmin>
			<ymin>633</ymin>
			<xmax>143</xmax>
			<ymax>720</ymax>
		</bndbox>
	</object>
</annotation>