<annotation>
	<folder>dataset</folder>
	<filename>img-375.jpg</filename>
	<path>/CSE-800/Thesis/2020-01-23/dataset/img-375.jpg</path>
	<source>
		<database>Unknown</database>
	</source>
	<size>
		<width>450</width>
		<height>300</height>
		<depth>3</depth>
	</size>
	<segmented>0</segmented>
	<object>
		<name>pothole</name>
		<pose>Unspecified</pose>
		<truncated>0</truncated>
		<difficult>0</difficult>
		<bndbox>
			<xmin>105</xmin>
			<ymin>225</ymin>
			<xmax>200</xmax>
			<ymax>260</ymax>
		</bndbox>
	</object>
	<object>
		<name>pothole</name>
		<pose>Unspecified</pose>
		<truncated>0</truncated>
		<difficult>0</difficult>
		<bndbox>
			<xmin>162</xmin>
			<ymin>187</ymin>
			<xmax>216</xmax>
			<ymax>199</ymax>
		</bndbox>
	</object>
</annotation>