<annotation>
	<folder>dataset</folder>
	<filename>img-419.jpg</filename>
	<path>/CSE-800/Thesis/2020-01-23/dataset/img-419.jpg</path>
	<source>
		<database>Unknown</database>
	</source>
	<size>
		<width>451</width>
		<height>300</height>
		<depth>3</depth>
	</size>
	<segmented>0</segmented>
	<object>
		<name>pothole</name>
		<pose>Unspecified</pose>
		<truncated>1</truncated>
		<difficult>0</difficult>
		<bndbox>
			<xmin>1</xmin>
			<ymin>161</ymin>
			<xmax>154</xmax>
			<ymax>300</ymax>
		</bndbox>
	</object>
	<object>
		<name>pothole</name>
		<pose>Unspecified</pose>
		<truncated>0</truncated>
		<difficult>0</difficult>
		<bndbox>
			<xmin>208</xmin>
			<ymin>14</ymin>
			<xmax>344</xmax>
			<ymax>201</ymax>
		</bndbox>
	</object>
</annotation>