<annotation>
	<folder>dataset</folder>
	<filename>img-34.jpg</filename>
	<path>/CSE-800/Thesis/2020-01-23/dataset/img-34.jpg</path>
	<source>
		<database>Unknown</database>
	</source>
	<size>
		<width>720</width>
		<height>720</height>
		<depth>3</depth>
	</size>
	<segmented>0</segmented>
	<object>
		<name>pothole</name>
		<pose>Unspecified</pose>
		<truncated>0</truncated>
		<difficult>0</difficult>
		<bndbox>
			<xmin>99</xmin>
			<ymin>244</ymin>
			<xmax>611</xmax>
			<ymax>570</ymax>
		</bndbox>
	</object>
</annotation>