<annotation>
	<folder>dataset</folder>
	<filename>img-274.jpg</filename>
	<path>/CSE-800/Thesis/2020-01-23/dataset/img-274.jpg</path>
	<source>
		<database>Unknown</database>
	</source>
	<size>
		<width>720</width>
		<height>720</height>
		<depth>3</depth>
	</size>
	<segmented>0</segmented>
	<object>
		<name>pothole</name>
		<pose>Unspecified</pose>
		<truncated>0</truncated>
		<difficult>0</difficult>
		<bndbox>
			<xmin>353</xmin>
			<ymin>240</ymin>
			<xmax>475</xmax>
			<ymax>298</ymax>
		</bndbox>
	</object>
	<object>
		<name>pothole</name>
		<pose>Unspecified</pose>
		<truncated>0</truncated>
		<difficult>0</difficult>
		<bndbox>
			<xmin>189</xmin>
			<ymin>323</ymin>
			<xmax>419</xmax>
			<ymax>406</ymax>
		</bndbox>
	</object>
	<object>
		<name>pothole</name>
		<pose>Unspecified</pose>
		<truncated>0</truncated>
		<difficult>0</difficult>
		<bndbox>
			<xmin>141</xmin>
			<ymin>223</ymin>
			<xmax>301</xmax>
			<ymax>292</ymax>
		</bndbox>
	</object>
</annotation>