<annotation>
	<folder>dataset</folder>
	<filename>img-132.jpg</filename>
	<path>/CSE-800/Thesis/2020-01-23/dataset/img-132.jpg</path>
	<source>
		<database>Unknown</database>
	</source>
	<size>
		<width>720</width>
		<height>720</height>
		<depth>3</depth>
	</size>
	<segmented>0</segmented>
	<object>
		<name>pothole</name>
		<pose>Unspecified</pose>
		<truncated>0</truncated>
		<difficult>0</difficult>
		<bndbox>
			<xmin>97</xmin>
			<ymin>222</ymin>
			<xmax>584</xmax>
			<ymax>434</ymax>
		</bndbox>
	</object>
	<object>
		<name>pothole</name>
		<pose>Unspecified</pose>
		<truncated>1</truncated>
		<difficult>0</difficult>
		<bndbox>
			<xmin>0</xmin>
			<ymin>195</ymin>
			<xmax>45</xmax>
			<ymax>236</ymax>
		</bndbox>
	</object>
</annotation>