<annotation>
	<folder>dataset</folder>
	<filename>img-408.jpg</filename>
	<path>/CSE-800/Thesis/2020-01-23/dataset/img-408.jpg</path>
	<source>
		<database>Unknown</database>
	</source>
	<size>
		<width>450</width>
		<height>300</height>
		<depth>3</depth>
	</size>
	<segmented>0</segmented>
	<object>
		<name>pothole</name>
		<pose>Unspecified</pose>
		<truncated>0</truncated>
		<difficult>0</difficult>
		<bndbox>
			<xmin>214</xmin>
			<ymin>177</ymin>
			<xmax>289</xmax>
			<ymax>197</ymax>
		</bndbox>
	</object>
	<object>
		<name>pothole</name>
		<pose>Unspecified</pose>
		<truncated>0</truncated>
		<difficult>0</difficult>
		<bndbox>
			<xmin>271</xmin>
			<ymin>157</ymin>
			<xmax>298</xmax>
			<ymax>166</ymax>
		</bndbox>
	</object>
	<object>
		<name>pothole</name>
		<pose>Unspecified</pose>
		<truncated>0</truncated>
		<difficult>0</difficult>
		<bndbox>
			<xmin>116</xmin>
			<ymin>219</ymin>
			<xmax>258</xmax>
			<ymax>298</ymax>
		</bndbox>
	</object>
</annotation>