<annotation>
	<folder>dataset</folder>
	<filename>img-170.jpg</filename>
	<path>/CSE-800/Thesis/2020-01-23/dataset/img-170.jpg</path>
	<source>
		<database>Unknown</database>
	</source>
	<size>
		<width>720</width>
		<height>720</height>
		<depth>3</depth>
	</size>
	<segmented>0</segmented>
	<object>
		<name>pothole</name>
		<pose>Unspecified</pose>
		<truncated>0</truncated>
		<difficult>0</difficult>
		<bndbox>
			<xmin>330</xmin>
			<ymin>243</ymin>
			<xmax>429</xmax>
			<ymax>291</ymax>
		</bndbox>
	</object>
	<object>
		<name>pothole</name>
		<pose>Unspecified</pose>
		<truncated>0</truncated>
		<difficult>0</difficult>
		<bndbox>
			<xmin>230</xmin>
			<ymin>495</ymin>
			<xmax>377</xmax>
			<ymax>589</ymax>
		</bndbox>
	</object>
</annotation>