<annotation>
	<folder>dataset</folder>
	<filename>img-414.jpg</filename>
	<path>/CSE-800/Thesis/2020-01-23/dataset/img-414.jpg</path>
	<source>
		<database>Unknown</database>
	</source>
	<size>
		<width>439</width>
		<height>300</height>
		<depth>3</depth>
	</size>
	<segmented>0</segmented>
	<object>
		<name>pothole</name>
		<pose>Unspecified</pose>
		<truncated>0</truncated>
		<difficult>0</difficult>
		<bndbox>
			<xmin>21</xmin>
			<ymin>108</ymin>
			<xmax>327</xmax>
			<ymax>258</ymax>
		</bndbox>
	</object>
</annotation>