<annotation>
	<folder>dataset</folder>
	<filename>img-545.jpg</filename>
	<path>/CSE-800/Thesis/2020-01-23/dataset/img-545.jpg</path>
	<source>
		<database>Unknown</database>
	</source>
	<size>
		<width>677</width>
		<height>300</height>
		<depth>3</depth>
	</size>
	<segmented>0</segmented>
	<object>
		<name>pothole</name>
		<pose>Unspecified</pose>
		<truncated>0</truncated>
		<difficult>0</difficult>
		<bndbox>
			<xmin>236</xmin>
			<ymin>103</ymin>
			<xmax>527</xmax>
			<ymax>197</ymax>
		</bndbox>
	</object>
	<object>
		<name>pothole</name>
		<pose>Unspecified</pose>
		<truncated>1</truncated>
		<difficult>0</difficult>
		<bndbox>
			<xmin>1</xmin>
			<ymin>133</ymin>
			<xmax>134</xmax>
			<ymax>194</ymax>
		</bndbox>
	</object>
</annotation>