<annotation>
	<folder>dataset</folder>
	<filename>img-278.jpg</filename>
	<path>/CSE-800/Thesis/2020-01-23/dataset/img-278.jpg</path>
	<source>
		<database>Unknown</database>
	</source>
	<size>
		<width>720</width>
		<height>720</height>
		<depth>3</depth>
	</size>
	<segmented>0</segmented>
	<object>
		<name>pothole</name>
		<pose>Unspecified</pose>
		<truncated>0</truncated>
		<difficult>0</difficult>
		<bndbox>
			<xmin>407</xmin>
			<ymin>140</ymin>
			<xmax>498</xmax>
			<ymax>251</ymax>
		</bndbox>
	</object>
	<object>
		<name>pothole</name>
		<pose>Unspecified</pose>
		<truncated>0</truncated>
		<difficult>0</difficult>
		<bndbox>
			<xmin>210</xmin>
			<ymin>387</ymin>
			<xmax>301</xmax>
			<ymax>507</ymax>
		</bndbox>
	</object>
</annotation>