<annotation>
	<folder>dataset</folder>
	<filename>img-196.jpg</filename>
	<path>/CSE-800/Thesis/2020-01-23/dataset/img-196.jpg</path>
	<source>
		<database>Unknown</database>
	</source>
	<size>
		<width>720</width>
		<height>720</height>
		<depth>3</depth>
	</size>
	<segmented>0</segmented>
	<object>
		<name>pothole</name>
		<pose>Unspecified</pose>
		<truncated>0</truncated>
		<difficult>0</difficult>
		<bndbox>
			<xmin>274</xmin>
			<ymin>301</ymin>
			<xmax>490</xmax>
			<ymax>416</ymax>
		</bndbox>
	</object>
	<object>
		<name>pothole</name>
		<pose>Unspecified</pose>
		<truncated>0</truncated>
		<difficult>0</difficult>
		<bndbox>
			<xmin>470</xmin>
			<ymin>200</ymin>
			<xmax>535</xmax>
			<ymax>238</ymax>
		</bndbox>
	</object>
	<object>
		<name>pothole</name>
		<pose>Unspecified</pose>
		<truncated>0</truncated>
		<difficult>0</difficult>
		<bndbox>
			<xmin>301</xmin>
			<ymin>229</ymin>
			<xmax>462</xmax>
			<ymax>305</ymax>
		</bndbox>
	</object>
</annotation>