<annotation>
	<folder>dataset</folder>
	<filename>img-460.jpg</filename>
	<path>/CSE-800/Thesis/2020-01-23/dataset/img-460.jpg</path>
	<source>
		<database>Unknown</database>
	</source>
	<size>
		<width>451</width>
		<height>300</height>
		<depth>3</depth>
	</size>
	<segmented>0</segmented>
	<object>
		<name>pothole</name>
		<pose>Unspecified</pose>
		<truncated>0</truncated>
		<difficult>0</difficult>
		<bndbox>
			<xmin>154</xmin>
			<ymin>90</ymin>
			<xmax>385</xmax>
			<ymax>130</ymax>
		</bndbox>
	</object>
	<object>
		<name>pothole</name>
		<pose>Unspecified</pose>
		<truncated>1</truncated>
		<difficult>0</difficult>
		<bndbox>
			<xmin>1</xmin>
			<ymin>194</ymin>
			<xmax>216</xmax>
			<ymax>264</ymax>
		</bndbox>
	</object>
</annotation>