<annotation>
	<folder>dataset</folder>
	<filename>img-477.jpg</filename>
	<path>/CSE-800/Thesis/2020-01-23/dataset/img-477.jpg</path>
	<source>
		<database>Unknown</database>
	</source>
	<size>
		<width>400</width>
		<height>300</height>
		<depth>3</depth>
	</size>
	<segmented>0</segmented>
	<object>
		<name>pothole</name>
		<pose>Unspecified</pose>
		<truncated>0</truncated>
		<difficult>0</difficult>
		<bndbox>
			<xmin>137</xmin>
			<ymin>129</ymin>
			<xmax>277</xmax>
			<ymax>198</ymax>
		</bndbox>
	</object>
	<object>
		<name>pothole</name>
		<pose>Unspecified</pose>
		<truncated>0</truncated>
		<difficult>0</difficult>
		<bndbox>
			<xmin>158</xmin>
			<ymin>32</ymin>
			<xmax>247</xmax>
			<ymax>57</ymax>
		</bndbox>
	</object>
	<object>
		<name>pothole</name>
		<pose>Unspecified</pose>
		<truncated>0</truncated>
		<difficult>0</difficult>
		<bndbox>
			<xmin>259</xmin>
			<ymin>217</ymin>
			<xmax>384</xmax>
			<ymax>299</ymax>
		</bndbox>
	</object>
</annotation>