<annotation>
	<folder>dataset</folder>
	<filename>img-32.jpg</filename>
	<path>/CSE-800/Thesis/2020-01-23/dataset/img-32.jpg</path>
	<source>
		<database>Unknown</database>
	</source>
	<size>
		<width>720</width>
		<height>720</height>
		<depth>3</depth>
	</size>
	<segmented>0</segmented>
	<object>
		<name>pothole</name>
		<pose>Unspecified</pose>
		<truncated>0</truncated>
		<difficult>0</difficult>
		<bndbox>
			<xmin>110</xmin>
			<ymin>147</ymin>
			<xmax>253</xmax>
			<ymax>234</ymax>
		</bndbox>
	</object>
	<object>
		<name>pothole</name>
		<pose>Unspecified</pose>
		<truncated>0</truncated>
		<difficult>0</difficult>
		<bndbox>
			<xmin>254</xmin>
			<ymin>278</ymin>
			<xmax>505</xmax>
			<ymax>501</ymax>
		</bndbox>
	</object>
</annotation>