<annotation>
	<folder>dataset</folder>
	<filename>img-366.jpg</filename>
	<path>/CSE-800/Thesis/2020-01-23/dataset/img-366.jpg</path>
	<source>
		<database>Unknown</database>
	</source>
	<size>
		<width>462</width>
		<height>300</height>
		<depth>3</depth>
	</size>
	<segmented>0</segmented>
	<object>
		<name>pothole</name>
		<pose>Unspecified</pose>
		<truncated>0</truncated>
		<difficult>0</difficult>
		<bndbox>
			<xmin>9</xmin>
			<ymin>123</ymin>
			<xmax>387</xmax>
			<ymax>247</ymax>
		</bndbox>
	</object>
</annotation>