<annotation>
	<folder>dataset</folder>
	<filename>img-478.jpg</filename>
	<path>/CSE-800/Thesis/2020-01-23/dataset/img-478.jpg</path>
	<source>
		<database>Unknown</database>
	</source>
	<size>
		<width>427</width>
		<height>300</height>
		<depth>3</depth>
	</size>
	<segmented>0</segmented>
	<object>
		<name>pothole</name>
		<pose>Unspecified</pose>
		<truncated>0</truncated>
		<difficult>0</difficult>
		<bndbox>
			<xmin>111</xmin>
			<ymin>156</ymin>
			<xmax>328</xmax>
			<ymax>279</ymax>
		</bndbox>
	</object>
	<object>
		<name>pothole</name>
		<pose>Unspecified</pose>
		<truncated>0</truncated>
		<difficult>0</difficult>
		<bndbox>
			<xmin>333</xmin>
			<ymin>151</ymin>
			<xmax>398</xmax>
			<ymax>169</ymax>
		</bndbox>
	</object>
</annotation>