<annotation>
	<folder>dataset</folder>
	<filename>img-127.jpg</filename>
	<path>/CSE-800/Thesis/2020-01-23/dataset/img-127.jpg</path>
	<source>
		<database>Unknown</database>
	</source>
	<size>
		<width>720</width>
		<height>720</height>
		<depth>3</depth>
	</size>
	<segmented>0</segmented>
	<object>
		<name>pothole</name>
		<pose>Unspecified</pose>
		<truncated>0</truncated>
		<difficult>0</difficult>
		<bndbox>
			<xmin>357</xmin>
			<ymin>306</ymin>
			<xmax>537</xmax>
			<ymax>398</ymax>
		</bndbox>
	</object>
	<object>
		<name>pothole</name>
		<pose>Unspecified</pose>
		<truncated>0</truncated>
		<difficult>0</difficult>
		<bndbox>
			<xmin>221</xmin>
			<ymin>329</ymin>
			<xmax>326</xmax>
			<ymax>411</ymax>
		</bndbox>
	</object>
	<object>
		<name>pothole</name>
		<pose>Unspecified</pose>
		<truncated>0</truncated>
		<difficult>0</difficult>
		<bndbox>
			<xmin>321</xmin>
			<ymin>417</ymin>
			<xmax>504</xmax>
			<ymax>552</ymax>
		</bndbox>
	</object>
</annotation>