<annotation>
	<folder>dataset</folder>
	<filename>img-415.jpg</filename>
	<path>/CSE-800/Thesis/2020-01-23/dataset/img-415.jpg</path>
	<source>
		<database>Unknown</database>
	</source>
	<size>
		<width>400</width>
		<height>300</height>
		<depth>3</depth>
	</size>
	<segmented>0</segmented>
	<object>
		<name>pothole</name>
		<pose>Unspecified</pose>
		<truncated>0</truncated>
		<difficult>0</difficult>
		<bndbox>
			<xmin>150</xmin>
			<ymin>138</ymin>
			<xmax>261</xmax>
			<ymax>184</ymax>
		</bndbox>
	</object>
	<object>
		<name>pothole</name>
		<pose>Unspecified</pose>
		<truncated>0</truncated>
		<difficult>0</difficult>
		<bndbox>
			<xmin>84</xmin>
			<ymin>79</ymin>
			<xmax>158</xmax>
			<ymax>97</ymax>
		</bndbox>
	</object>
	<object>
		<name>pothole</name>
		<pose>Unspecified</pose>
		<truncated>0</truncated>
		<difficult>0</difficult>
		<bndbox>
			<xmin>273</xmin>
			<ymin>164</ymin>
			<xmax>273</xmax>
			<ymax>165</ymax>
		</bndbox>
	</object>
</annotation>