<annotation>
	<folder>dataset</folder>
	<filename>img-283.jpg</filename>
	<path>/CSE-800/Thesis/2020-01-23/dataset/img-283.jpg</path>
	<source>
		<database>Unknown</database>
	</source>
	<size>
		<width>720</width>
		<height>720</height>
		<depth>3</depth>
	</size>
	<segmented>0</segmented>
	<object>
		<name>pothole</name>
		<pose>Unspecified</pose>
		<truncated>0</truncated>
		<difficult>0</difficult>
		<bndbox>
			<xmin>215</xmin>
			<ymin>269</ymin>
			<xmax>427</xmax>
			<ymax>422</ymax>
		</bndbox>
	</object>
	<object>
		<name>pothole</name>
		<pose>Unspecified</pose>
		<truncated>0</truncated>
		<difficult>0</difficult>
		<bndbox>
			<xmin>441</xmin>
			<ymin>224</ymin>
			<xmax>496</xmax>
			<ymax>274</ymax>
		</bndbox>
	</object>
	<object>
		<name>pothole</name>
		<pose>Unspecified</pose>
		<truncated>0</truncated>
		<difficult>0</difficult>
		<bndbox>
			<xmin>103</xmin>
			<ymin>112</ymin>
			<xmax>211</xmax>
			<ymax>159</ymax>
		</bndbox>
	</object>
</annotation>