<annotation>
	<folder>dataset</folder>
	<filename>img-320.jpg</filename>
	<path>/CSE-800/Thesis/2020-01-23/dataset/img-320.jpg</path>
	<source>
		<database>Unknown</database>
	</source>
	<size>
		<width>688</width>
		<height>300</height>
		<depth>3</depth>
	</size>
	<segmented>0</segmented>
	<object>
		<name>pothole</name>
		<pose>Unspecified</pose>
		<truncated>0</truncated>
		<difficult>0</difficult>
		<bndbox>
			<xmin>34</xmin>
			<ymin>103</ymin>
			<xmax>644</xmax>
			<ymax>230</ymax>
		</bndbox>
	</object>
	<object>
		<name>pothole</name>
		<pose>Unspecified</pose>
		<truncated>0</truncated>
		<difficult>0</difficult>
		<bndbox>
			<xmin>276</xmin>
			<ymin>23</ymin>
			<xmax>362</xmax>
			<ymax>58</ymax>
		</bndbox>
	</object>
</annotation>