<annotation>
	<folder>dataset</folder>
	<filename>img-206.jpg</filename>
	<path>/CSE-800/Thesis/2020-01-23/dataset/img-206.jpg</path>
	<source>
		<database>Unknown</database>
	</source>
	<size>
		<width>720</width>
		<height>720</height>
		<depth>3</depth>
	</size>
	<segmented>0</segmented>
	<object>
		<name>pothole</name>
		<pose>Unspecified</pose>
		<truncated>0</truncated>
		<difficult>0</difficult>
		<bndbox>
			<xmin>216</xmin>
			<ymin>291</ymin>
			<xmax>487</xmax>
			<ymax>464</ymax>
		</bndbox>
	</object>
	<object>
		<name>pothole</name>
		<pose>Unspecified</pose>
		<truncated>1</truncated>
		<difficult>0</difficult>
		<bndbox>
			<xmin>76</xmin>
			<ymin>658</ymin>
			<xmax>237</xmax>
			<ymax>720</ymax>
		</bndbox>
	</object>
</annotation>