<annotation>
	<folder>dataset</folder>
	<filename>img-216.jpg</filename>
	<path>/CSE-800/Thesis/2020-01-23/dataset/img-216.jpg</path>
	<source>
		<database>Unknown</database>
	</source>
	<size>
		<width>720</width>
		<height>720</height>
		<depth>3</depth>
	</size>
	<segmented>0</segmented>
	<object>
		<name>pothole</name>
		<pose>Unspecified</pose>
		<truncated>0</truncated>
		<difficult>0</difficult>
		<bndbox>
			<xmin>300</xmin>
			<ymin>284</ymin>
			<xmax>483</xmax>
			<ymax>375</ymax>
		</bndbox>
	</object>
	<object>
		<name>pothole</name>
		<pose>Unspecified</pose>
		<truncated>0</truncated>
		<difficult>0</difficult>
		<bndbox>
			<xmin>257</xmin>
			<ymin>136</ymin>
			<xmax>402</xmax>
			<ymax>223</ymax>
		</bndbox>
	</object>
	<object>
		<name>pothole</name>
		<pose>Unspecified</pose>
		<truncated>0</truncated>
		<difficult>0</difficult>
		<bndbox>
			<xmin>456</xmin>
			<ymin>440</ymin>
			<xmax>553</xmax>
			<ymax>494</ymax>
		</bndbox>
	</object>
</annotation>