<annotation>
	<folder>dataset</folder>
	<filename>img-37.jpg</filename>
	<path>/CSE-800/Thesis/2020-01-23/dataset/img-37.jpg</path>
	<source>
		<database>Unknown</database>
	</source>
	<size>
		<width>720</width>
		<height>720</height>
		<depth>3</depth>
	</size>
	<segmented>0</segmented>
	<object>
		<name>pothole</name>
		<pose>Unspecified</pose>
		<truncated>0</truncated>
		<difficult>0</difficult>
		<bndbox>
			<xmin>180</xmin>
			<ymin>323</ymin>
			<xmax>396</xmax>
			<ymax>425</ymax>
		</bndbox>
	</object>
	<object>
		<name>pothole</name>
		<pose>Unspecified</pose>
		<truncated>0</truncated>
		<difficult>0</difficult>
		<bndbox>
			<xmin>305</xmin>
			<ymin>273</ymin>
			<xmax>525</xmax>
			<ymax>331</ymax>
		</bndbox>
	</object>
	<object>
		<name>pothole</name>
		<pose>Unspecified</pose>
		<truncated>0</truncated>
		<difficult>0</difficult>
		<bndbox>
			<xmin>537</xmin>
			<ymin>285</ymin>
			<xmax>626</xmax>
			<ymax>333</ymax>
		</bndbox>
	</object>
</annotation>