<annotation>
	<folder>dataset</folder>
	<filename>img-220.jpg</filename>
	<path>/CSE-800/Thesis/2020-01-23/dataset/img-220.jpg</path>
	<source>
		<database>Unknown</database>
	</source>
	<size>
		<width>720</width>
		<height>720</height>
		<depth>3</depth>
	</size>
	<segmented>0</segmented>
	<object>
		<name>pothole</name>
		<pose>Unspecified</pose>
		<truncated>0</truncated>
		<difficult>0</difficult>
		<bndbox>
			<xmin>193</xmin>
			<ymin>249</ymin>
			<xmax>463</xmax>
			<ymax>423</ymax>
		</bndbox>
	</object>
	<object>
		<name>pothole</name>
		<pose>Unspecified</pose>
		<truncated>0</truncated>
		<difficult>0</difficult>
		<bndbox>
			<xmin>435</xmin>
			<ymin>628</ymin>
			<xmax>602</xmax>
			<ymax>704</ymax>
		</bndbox>
	</object>
</annotation>