<annotation>
	<folder>dataset</folder>
	<filename>img-129.jpg</filename>
	<path>/CSE-800/Thesis/2020-01-23/dataset/img-129.jpg</path>
	<source>
		<database>Unknown</database>
	</source>
	<size>
		<width>720</width>
		<height>720</height>
		<depth>3</depth>
	</size>
	<segmented>0</segmented>
	<object>
		<name>pothole</name>
		<pose>Unspecified</pose>
		<truncated>0</truncated>
		<difficult>0</difficult>
		<bndbox>
			<xmin>248</xmin>
			<ymin>285</ymin>
			<xmax>351</xmax>
			<ymax>374</ymax>
		</bndbox>
	</object>
	<object>
		<name>pothole</name>
		<pose>Unspecified</pose>
		<truncated>0</truncated>
		<difficult>0</difficult>
		<bndbox>
			<xmin>329</xmin>
			<ymin>378</ymin>
			<xmax>427</xmax>
			<ymax>431</ymax>
		</bndbox>
	</object>
</annotation>