<annotation>
	<folder>dataset</folder>
	<filename>img-14.jpg</filename>
	<path>/CSE-800/Thesis/2020-01-23/dataset/img-14.jpg</path>
	<source>
		<database>Unknown</database>
	</source>
	<size>
		<width>720</width>
		<height>720</height>
		<depth>3</depth>
	</size>
	<segmented>0</segmented>
	<object>
		<name>pothole</name>
		<pose>Unspecified</pose>
		<truncated>0</truncated>
		<difficult>0</difficult>
		<bndbox>
			<xmin>144</xmin>
			<ymin>246</ymin>
			<xmax>636</xmax>
			<ymax>524</ymax>
		</bndbox>
	</object>
	<object>
		<name>pothole</name>
		<pose>Unspecified</pose>
		<truncated>0</truncated>
		<difficult>0</difficult>
		<bndbox>
			<xmin>35</xmin>
			<ymin>196</ymin>
			<xmax>142</xmax>
			<ymax>258</ymax>
		</bndbox>
	</object>
</annotation>