<annotation>
	<folder>dataset</folder>
	<filename>img-376.jpg</filename>
	<path>/CSE-800/Thesis/2020-01-23/dataset/img-376.jpg</path>
	<source>
		<database>Unknown</database>
	</source>
	<size>
		<width>530</width>
		<height>300</height>
		<depth>3</depth>
	</size>
	<segmented>0</segmented>
	<object>
		<name>pothole</name>
		<pose>Unspecified</pose>
		<truncated>0</truncated>
		<difficult>0</difficult>
		<bndbox>
			<xmin>158</xmin>
			<ymin>164</ymin>
			<xmax>235</xmax>
			<ymax>185</ymax>
		</bndbox>
	</object>
	<object>
		<name>pothole</name>
		<pose>Unspecified</pose>
		<truncated>0</truncated>
		<difficult>0</difficult>
		<bndbox>
			<xmin>319</xmin>
			<ymin>186</ymin>
			<xmax>386</xmax>
			<ymax>211</ymax>
		</bndbox>
	</object>
</annotation>