<annotation>
	<folder>dataset</folder>
	<filename>img-306.jpg</filename>
	<path>/CSE-800/Thesis/2020-01-23/dataset/img-306.jpg</path>
	<source>
		<database>Unknown</database>
	</source>
	<size>
		<width>533</width>
		<height>300</height>
		<depth>3</depth>
	</size>
	<segmented>0</segmented>
	<object>
		<name>pothole</name>
		<pose>Unspecified</pose>
		<truncated>0</truncated>
		<difficult>0</difficult>
		<bndbox>
			<xmin>85</xmin>
			<ymin>112</ymin>
			<xmax>322</xmax>
			<ymax>271</ymax>
		</bndbox>
	</object>
	<object>
		<name>pothole</name>
		<pose>Unspecified</pose>
		<truncated>1</truncated>
		<difficult>0</difficult>
		<bndbox>
			<xmin>418</xmin>
			<ymin>158</ymin>
			<xmax>533</xmax>
			<ymax>276</ymax>
		</bndbox>
	</object>
</annotation>