<annotation>
	<folder>dataset</folder>
	<filename>img-439.jpg</filename>
	<path>/CSE-800/Thesis/2020-01-23/dataset/img-439.jpg</path>
	<source>
		<database>Unknown</database>
	</source>
	<size>
		<width>684</width>
		<height>300</height>
		<depth>3</depth>
	</size>
	<segmented>0</segmented>
	<object>
		<name>pothole</name>
		<pose>Unspecified</pose>
		<truncated>0</truncated>
		<difficult>0</difficult>
		<bndbox>
			<xmin>89</xmin>
			<ymin>73</ymin>
			<xmax>555</xmax>
			<ymax>237</ymax>
		</bndbox>
	</object>
	<object>
		<name>pothole</name>
		<pose>Unspecified</pose>
		<truncated>0</truncated>
		<difficult>0</difficult>
		<bndbox>
			<xmin>331</xmin>
			<ymin>56</ymin>
			<xmax>408</xmax>
			<ymax>88</ymax>
		</bndbox>
	</object>
	<object>
		<name>pothole</name>
		<pose>Unspecified</pose>
		<truncated>0</truncated>
		<difficult>0</difficult>
		<bndbox>
			<xmin>386</xmin>
			<ymin>18</ymin>
			<xmax>517</xmax>
			<ymax>44</ymax>
		</bndbox>
	</object>
</annotation>