<annotation>
	<folder>dataset</folder>
	<filename>img-26.jpg</filename>
	<path>/CSE-800/Thesis/2020-01-23/dataset/img-26.jpg</path>
	<source>
		<database>Unknown</database>
	</source>
	<size>
		<width>720</width>
		<height>720</height>
		<depth>3</depth>
	</size>
	<segmented>0</segmented>
	<object>
		<name>pothole</name>
		<pose>Unspecified</pose>
		<truncated>0</truncated>
		<difficult>0</difficult>
		<bndbox>
			<xmin>288</xmin>
			<ymin>296</ymin>
			<xmax>434</xmax>
			<ymax>411</ymax>
		</bndbox>
	</object>
	<object>
		<name>pothole</name>
		<pose>Unspecified</pose>
		<truncated>1</truncated>
		<difficult>0</difficult>
		<bndbox>
			<xmin>662</xmin>
			<ymin>320</ymin>
			<xmax>720</xmax>
			<ymax>369</ymax>
		</bndbox>
	</object>
</annotation>