<annotation>
	<folder>dataset</folder>
	<filename>img-459.jpg</filename>
	<path>/CSE-800/Thesis/2020-01-23/dataset/img-459.jpg</path>
	<source>
		<database>Unknown</database>
	</source>
	<size>
		<width>533</width>
		<height>300</height>
		<depth>3</depth>
	</size>
	<segmented>0</segmented>
	<object>
		<name>pothole</name>
		<pose>Unspecified</pose>
		<truncated>0</truncated>
		<difficult>0</difficult>
		<bndbox>
			<xmin>16</xmin>
			<ymin>128</ymin>
			<xmax>170</xmax>
			<ymax>154</ymax>
		</bndbox>
	</object>
	<object>
		<name>pothole</name>
		<pose>Unspecified</pose>
		<truncated>0</truncated>
		<difficult>0</difficult>
		<bndbox>
			<xmin>255</xmin>
			<ymin>167</ymin>
			<xmax>511</xmax>
			<ymax>236</ymax>
		</bndbox>
	</object>
</annotation>