<annotation>
	<folder>dataset</folder>
	<filename>img-425.jpg</filename>
	<path>/CSE-800/Thesis/2020-01-23/dataset/img-425.jpg</path>
	<source>
		<database>Unknown</database>
	</source>
	<size>
		<width>400</width>
		<height>300</height>
		<depth>3</depth>
	</size>
	<segmented>0</segmented>
	<object>
		<name>pothole</name>
		<pose>Unspecified</pose>
		<truncated>0</truncated>
		<difficult>0</difficult>
		<bndbox>
			<xmin>89</xmin>
			<ymin>201</ymin>
			<xmax>223</xmax>
			<ymax>250</ymax>
		</bndbox>
	</object>
	<object>
		<name>pothole</name>
		<pose>Unspecified</pose>
		<truncated>0</truncated>
		<difficult>0</difficult>
		<bndbox>
			<xmin>230</xmin>
			<ymin>165</ymin>
			<xmax>386</xmax>
			<ymax>195</ymax>
		</bndbox>
	</object>
</annotation>