<annotation>
	<folder>dataset</folder>
	<filename>img-30.jpg</filename>
	<path>/CSE-800/Thesis/2020-01-23/dataset/img-30.jpg</path>
	<source>
		<database>Unknown</database>
	</source>
	<size>
		<width>720</width>
		<height>720</height>
		<depth>3</depth>
	</size>
	<segmented>0</segmented>
	<object>
		<name>pothole</name>
		<pose>Unspecified</pose>
		<truncated>0</truncated>
		<difficult>0</difficult>
		<bndbox>
			<xmin>266</xmin>
			<ymin>252</ymin>
			<xmax>456</xmax>
			<ymax>483</ymax>
		</bndbox>
	</object>
	<object>
		<name>pothole</name>
		<pose>Unspecified</pose>
		<truncated>1</truncated>
		<difficult>0</difficult>
		<bndbox>
			<xmin>0</xmin>
			<ymin>179</ymin>
			<xmax>44</xmax>
			<ymax>240</ymax>
		</bndbox>
	</object>
	<object>
		<name>pothole</name>
		<pose>Unspecified</pose>
		<truncated>0</truncated>
		<difficult>0</difficult>
		<bndbox>
			<xmin>233</xmin>
			<ymin>112</ymin>
			<xmax>281</xmax>
			<ymax>157</ymax>
		</bndbox>
	</object>
</annotation>