<annotation>
	<folder>dataset</folder>
	<filename>img-527.jpg</filename>
	<path>/CSE-800/Thesis/2020-01-23/dataset/img-527.jpg</path>
	<source>
		<database>Unknown</database>
	</source>
	<size>
		<width>450</width>
		<height>300</height>
		<depth>3</depth>
	</size>
	<segmented>0</segmented>
	<object>
		<name>pothole</name>
		<pose>Unspecified</pose>
		<truncated>0</truncated>
		<difficult>0</difficult>
		<bndbox>
			<xmin>158</xmin>
			<ymin>180</ymin>
			<xmax>318</xmax>
			<ymax>233</ymax>
		</bndbox>
	</object>
</annotation>