<annotation>
	<folder>dataset</folder>
	<filename>img-101.jpg</filename>
	<path>/CSE-800/Thesis/2020-01-23/dataset/img-101.jpg</path>
	<source>
		<database>Unknown</database>
	</source>
	<size>
		<width>720</width>
		<height>720</height>
		<depth>3</depth>
	</size>
	<segmented>0</segmented>
	<object>
		<name>pothole</name>
		<pose>Unspecified</pose>
		<truncated>0</truncated>
		<difficult>0</difficult>
		<bndbox>
			<xmin>228</xmin>
			<ymin>303</ymin>
			<xmax>394</xmax>
			<ymax>432</ymax>
		</bndbox>
	</object>
	<object>
		<name>pothole</name>
		<pose>Unspecified</pose>
		<truncated>0</truncated>
		<difficult>0</difficult>
		<bndbox>
			<xmin>397</xmin>
			<ymin>317</ymin>
			<xmax>554</xmax>
			<ymax>411</ymax>
		</bndbox>
	</object>
</annotation>