<annotation>
	<folder>dataset</folder>
	<filename>img-256.jpg</filename>
	<path>/CSE-800/Thesis/2020-01-23/dataset/img-256.jpg</path>
	<source>
		<database>Unknown</database>
	</source>
	<size>
		<width>720</width>
		<height>720</height>
		<depth>3</depth>
	</size>
	<segmented>0</segmented>
	<object>
		<name>pothole</name>
		<pose>Unspecified</pose>
		<truncated>0</truncated>
		<difficult>0</difficult>
		<bndbox>
			<xmin>223</xmin>
			<ymin>387</ymin>
			<xmax>382</xmax>
			<ymax>577</ymax>
		</bndbox>
	</object>
	<object>
		<name>pothole</name>
		<pose>Unspecified</pose>
		<truncated>0</truncated>
		<difficult>0</difficult>
		<bndbox>
			<xmin>333</xmin>
			<ymin>54</ymin>
			<xmax>429</xmax>
			<ymax>152</ymax>
		</bndbox>
	</object>
</annotation>