<annotation>
	<folder>dataset</folder>
	<filename>img-178.jpg</filename>
	<path>/CSE-800/Thesis/2020-01-23/dataset/img-178.jpg</path>
	<source>
		<database>Unknown</database>
	</source>
	<size>
		<width>720</width>
		<height>720</height>
		<depth>3</depth>
	</size>
	<segmented>0</segmented>
	<object>
		<name>pothole</name>
		<pose>Unspecified</pose>
		<truncated>0</truncated>
		<difficult>0</difficult>
		<bndbox>
			<xmin>261</xmin>
			<ymin>315</ymin>
			<xmax>453</xmax>
			<ymax>417</ymax>
		</bndbox>
	</object>
	<object>
		<name>pothole</name>
		<pose>Unspecified</pose>
		<truncated>0</truncated>
		<difficult>0</difficult>
		<bndbox>
			<xmin>12</xmin>
			<ymin>412</ymin>
			<xmax>163</xmax>
			<ymax>491</ymax>
		</bndbox>
	</object>
	<object>
		<name>pothole</name>
		<pose>Unspecified</pose>
		<truncated>1</truncated>
		<difficult>0</difficult>
		<bndbox>
			<xmin>0</xmin>
			<ymin>343</ymin>
			<xmax>77</xmax>
			<ymax>408</ymax>
		</bndbox>
	</object>
</annotation>