<annotation>
	<folder>dataset</folder>
	<filename>img-155.jpg</filename>
	<path>/CSE-800/Thesis/2020-01-23/dataset/img-155.jpg</path>
	<source>
		<database>Unknown</database>
	</source>
	<size>
		<width>720</width>
		<height>720</height>
		<depth>3</depth>
	</size>
	<segmented>0</segmented>
	<object>
		<name>pothole</name>
		<pose>Unspecified</pose>
		<truncated>0</truncated>
		<difficult>0</difficult>
		<bndbox>
			<xmin>420</xmin>
			<ymin>248</ymin>
			<xmax>583</xmax>
			<ymax>378</ymax>
		</bndbox>
	</object>
	<object>
		<name>pothole</name>
		<pose>Unspecified</pose>
		<truncated>0</truncated>
		<difficult>0</difficult>
		<bndbox>
			<xmin>407</xmin>
			<ymin>474</ymin>
			<xmax>533</xmax>
			<ymax>608</ymax>
		</bndbox>
	</object>
	<object>
		<name>pothole</name>
		<pose>Unspecified</pose>
		<truncated>0</truncated>
		<difficult>0</difficult>
		<bndbox>
			<xmin>247</xmin>
			<ymin>330</ymin>
			<xmax>309</xmax>
			<ymax>393</ymax>
		</bndbox>
	</object>
</annotation>