<annotation>
	<folder>dataset</folder>
	<filename>img-21.jpg</filename>
	<path>/CSE-800/Thesis/2020-01-23/dataset/img-21.jpg</path>
	<source>
		<database>Unknown</database>
	</source>
	<size>
		<width>720</width>
		<height>720</height>
		<depth>3</depth>
	</size>
	<segmented>0</segmented>
	<object>
		<name>pothole</name>
		<pose>Unspecified</pose>
		<truncated>0</truncated>
		<difficult>0</difficult>
		<bndbox>
			<xmin>244</xmin>
			<ymin>262</ymin>
			<xmax>504</xmax>
			<ymax>534</ymax>
		</bndbox>
	</object>
	<object>
		<name>pothole</name>
		<pose>Unspecified</pose>
		<truncated>1</truncated>
		<difficult>0</difficult>
		<bndbox>
			<xmin>0</xmin>
			<ymin>595</ymin>
			<xmax>157</xmax>
			<ymax>719</ymax>
		</bndbox>
	</object>
</annotation>