<annotation>
	<folder>dataset</folder>
	<filename>img-156.jpg</filename>
	<path>/CSE-800/Thesis/2020-01-23/dataset/img-156.jpg</path>
	<source>
		<database>Unknown</database>
	</source>
	<size>
		<width>720</width>
		<height>720</height>
		<depth>3</depth>
	</size>
	<segmented>0</segmented>
	<object>
		<name>pothole</name>
		<pose>Unspecified</pose>
		<truncated>0</truncated>
		<difficult>0</difficult>
		<bndbox>
			<xmin>204</xmin>
			<ymin>255</ymin>
			<xmax>452</xmax>
			<ymax>425</ymax>
		</bndbox>
	</object>
	<object>
		<name>pothole</name>
		<pose>Unspecified</pose>
		<truncated>0</truncated>
		<difficult>0</difficult>
		<bndbox>
			<xmin>448</xmin>
			<ymin>145</ymin>
			<xmax>573</xmax>
			<ymax>193</ymax>
		</bndbox>
	</object>
</annotation>