<annotation>
	<folder>dataset</folder>
	<filename>img-148.jpg</filename>
	<path>/CSE-800/Thesis/2020-01-23/dataset/img-148.jpg</path>
	<source>
		<database>Unknown</database>
	</source>
	<size>
		<width>720</width>
		<height>720</height>
		<depth>3</depth>
	</size>
	<segmented>0</segmented>
	<object>
		<name>pothole</name>
		<pose>Unspecified</pose>
		<truncated>0</truncated>
		<difficult>0</difficult>
		<bndbox>
			<xmin>254</xmin>
			<ymin>246</ymin>
			<xmax>385</xmax>
			<ymax>383</ymax>
		</bndbox>
	</object>
	<object>
		<name>pothole</name>
		<pose>Unspecified</pose>
		<truncated>1</truncated>
		<difficult>0</difficult>
		<bndbox>
			<xmin>663</xmin>
			<ymin>121</ymin>
			<xmax>720</xmax>
			<ymax>161</ymax>
		</bndbox>
	</object>
</annotation>