<annotation>
	<folder>dataset</folder>
	<filename>img-252.jpg</filename>
	<path>/CSE-800/Thesis/2020-01-23/dataset/img-252.jpg</path>
	<source>
		<database>Unknown</database>
	</source>
	<size>
		<width>720</width>
		<height>720</height>
		<depth>3</depth>
	</size>
	<segmented>0</segmented>
	<object>
		<name>pothole</name>
		<pose>Unspecified</pose>
		<truncated>0</truncated>
		<difficult>0</difficult>
		<bndbox>
			<xmin>119</xmin>
			<ymin>165</ymin>
			<xmax>311</xmax>
			<ymax>251</ymax>
		</bndbox>
	</object>
	<object>
		<name>pothole</name>
		<pose>Unspecified</pose>
		<truncated>0</truncated>
		<difficult>0</difficult>
		<bndbox>
			<xmin>510</xmin>
			<ymin>379</ymin>
			<xmax>631</xmax>
			<ymax>452</ymax>
		</bndbox>
	</object>
	<object>
		<name>pothole</name>
		<pose>Unspecified</pose>
		<truncated>0</truncated>
		<difficult>0</difficult>
		<bndbox>
			<xmin>396</xmin>
			<ymin>446</ymin>
			<xmax>580</xmax>
			<ymax>567</ymax>
		</bndbox>
	</object>
</annotation>