<annotation>
	<folder>dataset</folder>
	<filename>img-17.jpg</filename>
	<path>/CSE-800/Thesis/2020-01-23/dataset/img-17.jpg</path>
	<source>
		<database>Unknown</database>
	</source>
	<size>
		<width>720</width>
		<height>720</height>
		<depth>3</depth>
	</size>
	<segmented>0</segmented>
	<object>
		<name>pothole</name>
		<pose>Unspecified</pose>
		<truncated>0</truncated>
		<difficult>0</difficult>
		<bndbox>
			<xmin>124</xmin>
			<ymin>313</ymin>
			<xmax>416</xmax>
			<ymax>507</ymax>
		</bndbox>
	</object>
	<object>
		<name>pothole</name>
		<pose>Unspecified</pose>
		<truncated>0</truncated>
		<difficult>0</difficult>
		<bndbox>
			<xmin>522</xmin>
			<ymin>239</ymin>
			<xmax>675</xmax>
			<ymax>358</ymax>
		</bndbox>
	</object>
</annotation>