<annotation>
	<folder>images</folder>
	<filename>images/00000.jpg</filename>
	<path>00000.jpg</path>
	<source>
		<database>Unknown</database>
	</source>
	<size>
		<width>522</width>
		<height>600</height>
		<depth>3</depth>
	</size>
	<segmented>0</segmented>
	<object>
		<name>top</name>
		<pose>Unspecified</pose>
		<truncated>0</truncated>
		<difficult>0</difficult>
		<bndbox>
			<xmin>60</xmin>
			<ymin>14</ymin>
			<xmax>374</xmax>
			<ymax>376</ymax>
		</bndbox>
	</object>
	<object>
		<name>bottom</name>
		<pose>Unspecified</pose>
		<truncated>0</truncated>
		<difficult>0</difficult>
		<bndbox>
			<xmin>60</xmin>
			<ymin>353</ymin>
			<xmax>285</xmax>
			<ymax>599</ymax>
		</bndbox>
	</object>
	<object>
		<name>accessory</name>
		<pose>Unspecified</pose>
		<truncated>0</truncated>
		<difficult>0</difficult>
		<bndbox>
			<xmin>117</xmin>
			<ymin>423</ymin>
			<xmax>189</xmax>
			<ymax>508</ymax>
		</bndbox>
	</object>
</annotation>
