<annotation>
	<folder>images</folder>
	<filename>images/00001.jpg</filename>
	<path>00001.jpg</path>
	<source>
		<database>Unknown</database>
	</source>
	<size>
		<width>600</width>
		<height>600</height>
		<depth>3</depth>
	</size>
	<segmented>0</segmented>
	<object>
		<name>top</name>
		<pose>Unspecified</pose>
		<truncated>0</truncated>
		<difficult>0</difficult>
		<bndbox>
			<xmin>207</xmin>
			<ymin>96</ymin>
			<xmax>340</xmax>
			<ymax>249</ymax>
		</bndbox>
	</object>
	<object>
		<name>bag</name>
		<pose>Unspecified</pose>
		<truncated>0</truncated>
		<difficult>0</difficult>
		<bndbox>
			<xmin>192</xmin>
			<ymin>264</ymin>
			<xmax>272</xmax>
			<ymax>334</ymax>
		</bndbox>
	</object>
	<object>
		<name>bottom</name>
		<pose>Unspecified</pose>
		<truncated>0</truncated>
		<difficult>0</difficult>
		<bndbox>
			<xmin>171</xmin>
			<ymin>209</ymin>
			<xmax>427</xmax>
			<ymax>384</ymax>
		</bndbox>
	</object>
	<object>
		<name>shoes</name>
		<pose>Unspecified</pose>
		<truncated>0</truncated>
		<difficult>0</difficult>
		<bndbox>
			<xmin>217</xmin>
			<ymin>486</ymin>
			<xmax>357</xmax>
			<ymax>583</ymax>
		</bndbox>
	</object>
</annotation>
